,Symbol,Name,Sector,Price,Price/Earnings,Dividend Yield,Earnings/Share,Market Cap,EBITDA,Price/Sales,Price/Book
0,MMM,3M Company,Industrials,222.89,24.31,2.3328617,7.92,138721055226,9048000000.0,4.3902707,11.34
1,AOS,A.O. Smith Corp,Industrials,60.24,27.76,1.1479591999999998,1.7,10783419933,601000000.0,3.5754826,6.35
2,ABT,Abbott Laboratories,Health Care,56.27,22.51,1.9089824,0.26,102121042306,5744000000.0,3.7404803999999996,3.19
3,ABBV,AbbVie Inc.,Health Care,108.48,19.41,2.4995599,3.29,181386347059,10310000000.0,6.291571,26.14
4,ACN,Accenture plc,Information Technology,150.51,25.47,1.7144699,5.44,98765855553,5643228000.0,2.604117,10.62
5,ATVI,Activision Blizzard,Information Technology,65.83,31.8,0.43190324,1.28,52518668144,2704000000.0,10.59512,5.16
6,AYI,Acuity Brands Inc,Industrials,145.41,18.22,0.35118526,7.43,6242377704,587800000.0,1.7953473000000002,3.55
7,ADBE,Adobe Systems Inc,Information Technology,185.16,52.31,0.0,3.39,94550214268,2538040000.0,13.092818,11.06
8,AAP,Advance Auto Parts,Consumer Discretionary,109.63,19.54,0.21832074,6.19,8123611867,853941000.0,1.1301061000000001,2.51
9,AMD,Advanced Micro Devices Inc,Information Technology,11.22,187.0,0.0,0.03,11191663795,339000000.0,2.1091955000000002,21.47
10,AES,AES Corp,Utilities,10.06,9.96,4.961832,-1.72,6920851212,3001000000.0,0.65951383,2.2
11,AET,Aetna Inc,Health Care,178.0,18.11,1.1019889999999999,5.75,59197016353,4139000000.0,0.9923546,3.79
12,AMG,Affiliated Managers Group Inc,Financials,179.11,12.24,0.6387395,12.07,10442174371,1261400000.0,4.591235,2.89
13,AFL,AFLAC Inc,Financials,83.25,12.24,2.4299066000000002,11.01,33422948000,0.0,1.5429343999999998,1.53
14,A,Agilent Technologies Inc,Health Care,65.05,27.45,0.8756978999999999,2.1,21984606918,1094000000.0,6.493563,4.56
15,APD,Air Products & Chemicals Inc,Materials,152.8,24.22,2.7811136000000003,13.66,34638387128,2542500000.0,4.1163682999999995,3.35
16,AKAM,Akamai Technologies Inc,Information Technology,62.49,32.55,0.0,1.79,10906904066,789517000.0,5.854652400000001,3.25
17,ALK,Alaska Air Group Inc,Industrials,64.04,9.66,1.9928383,8.28,7903173734,1665000000.0,0.9801091999999999,2.21
18,ALB,Albemarle Corp,Materials,105.18,26.03,1.2004126,5.66,11782151266,686030000.0,5.3666205,2.98
19,ARE,Alexandria Real Estate Equities Inc,Real Estate,114.58,19.03,3.0262272,1.57,12043374429,0.0,10.492155,2.07
20,ALXN,Alexion Pharmaceuticals,Health Care,108.47,22.18,0.0,1.77,26172439795,1072000000.0,9.720562,2.82
21,ALGN,Align Technology,Health Care,220.71,56.59,0.0,2.84,18788041378,380326000.0,13.138819,16.44
22,ALLE,Allegion,Industrials,77.32,21.07,0.8004001999999999,2.37,7599609494,531800000.0,4.265232,20.48
23,AGN,"Allergan, Plc",Health Care,164.2,10.65,1.643289,38.35,56668833898,-2888100000.0,4.820115,0.83
24,ADS,Alliance Data Systems,Information Technology,240.6,13.02,0.9240122,14.13,13632608582,2143200000.0,1.7282297999999998,8.28
25,LNT,Alliant Energy Corp,Utilities,37.14,19.86,3.5733333,1.65,8670163500,1168400000.0,3.4331481,2.13
26,ALL,Allstate Corp,Financials,90.06,13.26,1.5278208,4.68,34759468905,0.0,1.2085556,1.67
27,GOOGL,Alphabet Inc Class A,Information Technology,1007.71,31.48,0.0,22.27,733823966137,34217000000.0,6.801692,4.7
28,GOOG,Alphabet Inc Class C,Information Technology,1001.52,40.29,0.0,22.27,728535558140,32714000000.0,6.772653,4.67
29,MO,Altria Group Inc,Consumer Staples,64.05,18.89,3.9526875,5.31,126985101434,10773000000.0,4.945682,10.32
30,AMZN,Amazon.com Inc,Consumer Discretionary,1350.5,296.16,0.0,6.16,685873374731,16132000000.0,3.927053,24.28
31,AEE,Ameren Corp,Utilities,52.59,20.38,3.4404964,2.68,12905744906,2298000000.0,2.693119,1.79
32,AAL,American Airlines Group,Industrials,48.6,9.92,0.7782101,3.91,24594852352,5761000000.0,0.58022565,6.03
33,AEP,American Electric Power,Utilities,63.38,17.32,3.8479443,1.24,31701916517,4450800000.0,2.7489934,1.81
34,AXP,American Express Co,Financials,88.34,15.0,1.4955667,2.9,80410990000,0.0,2.273575,3.75
35,AIG,"American International Group, Inc.",Financials,58.28,23.22,2.1167521000000002,-0.76,54360073164,0.0,1.4686536000000001,0.75
36,AMT,American Tower Corp A,Real Estate,133.57,20.68,2.0,1.97,59213892640,3792383000.0,11.954137,9.22
37,AWK,American Water Works Company Inc,Utilities,76.06,26.23,2.129297,2.63,13906146184,1711000000.0,5.553833,2.55
38,AMP,Ameriprise Financial,Financials,152.5,12.41,2.0735743,9.44,23472126000,0.0,1.9493247,3.73
39,ABC,AmerisourceBergen Corp,Health Care,91.55,15.54,1.6132456,1.64,20587704101,991884000.0,0.17396984,9.73
40,AME,AMETEK Inc,Industrials,72.05,27.61,0.75512403,2.94,17139651923,1025763000.0,4.015368,4.54
41,AMGN,Amgen Inc,Health Care,173.12,13.76,2.9751507999999998,2.57,128133340000,11945000000.0,5.581919999999999,3.91
42,APH,Amphenol Corp,Information Technology,84.44,25.9,0.8608971,2.05,26955335395,1671700000.0,3.85675,6.64
43,APC,Anadarko Petroleum Corp,Energy,56.2,-21.29,1.7029973000000003,-5.9,32129091747,3115000000.0,3.9682212,2.88
44,ADI,"Analog Devices, Inc.",Information Technology,82.68,17.67,2.108963,2.11,31811578855,1663384000.0,8.003910000000001,3.13
45,ANDV,Andeavor,Energy,96.9,18.78,2.3454582999999998,6.13,15696449735,2548000000.0,0.6618165,1.7
46,ANSS,ANSYS,Information Technology,148.84,42.53,0.0,2.99,13155919129,458515000.0,16.8134,5.79
47,ANTM,Anthem Inc.,Health Care,230.57,19.23,1.2581781,14.36,61221978627,0.0,0.6696521,2.28
48,AON,Aon plc,Financials,136.05,20.8,1.0245464,4.66,35123123422,1858000000.0,3.4972682,6.78
49,APA,Apache Corporation,Energy,37.73,-251.53,2.528445,-3.72,15066280977,3265000000.0,3.6513660000000003,2.22
50,AIV,Apartment Investment & Management,Real Estate,38.21,15.6,3.8765620000000003,1.95,6156884142,874871000.0,6.187621,4.69
51,AAPL,Apple Inc.,Information Technology,155.15,16.86,1.5795412,9.2,809508034020,79386000000.0,3.4586093,5.66
52,AMAT,Applied Materials Inc,Information Technology,45.75,14.08,0.8215239,3.17,51296481503,4336000000.0,4.7020154000000005,5.44
53,APTV,Aptiv Plc,Consumer Discretionary,89.27,69.74,0.9392678,5.05,24906530300,2370000000.0,1.5025798000000001,7.56
54,ADM,Archer-Daniels-Midland Co,Consumer Staples,41.35,17.45,3.1761081,2.17,23594770663,2927000000.0,0.52478915,1.29
55,ARNC,Arconic Inc,Industrials,24.45,20.21,0.9561753000000001,-0.21,12123300000,1517000000.0,0.94214815,
56,AJG,Arthur J. Gallagher & Co.,Financials,64.4,21.05,2.4807137999999997,2.54,11968488290,888000000.0,1.9400215,2.92
57,AIZ,Assurant Inc,Financials,85.16,33.27,2.5313594,9.08,4653993594,0.0,0.9821866,1.12
58,T,AT&T Inc,Telecommunication Services,35.57,12.14,5.4156512999999995,4.76,226713270000,49653000000.0,1.4083152,1.8
59,ADSK,Autodesk Inc,Information Technology,104.81,-77.07,0.0,-2.61,24348294504,-378100000.0,16.50682,224.13
60,ADP,Automatic Data Processing,Information Technology,108.25,29.34,2.2190912,3.85,50337702249,2767400000.0,4.0483294,12.86
61,AZO,AutoZone Inc,Consumer Discretionary,718.57,16.31,0.0,44.09,19922021415,2347304000.0,1.8510429,136.23
62,AVB,"AvalonBay Communities, Inc.",Real Estate,154.94,17.97,3.7149355,6.36,21856547430,1331579000.0,10.251216000000001,2.12
63,AVY,Avery Dennison Corp,Materials,110.77,22.11,1.5682174999999998,3.11,10104814319,831200000.0,1.5206499,8.83
64,BHGE,"Baker Hughes, a GE Company",Energy,27.5,305.56,2.4991322,-0.31,32995712852,285000000.0,1.9390044999999998,2.25
65,BLL,Ball Corp,Materials,38.44,20.56,1.0170354,0.85,13767688518,1317000000.0,1.5696398999999999,3.62
66,BAC,Bank of America Corp,Financials,29.74,16.34,1.536,1.55,321478200969,0.0,3.2011874,1.24
67,BAX,Baxter International Inc.,Health Care,62.56,25.12,0.97635394,1.29,35713732553,1832000000.0,3.4394413999999998,3.77
68,BBT,BB&T Corporation,Financials,51.07,16.26,2.4526197999999995,2.74,42087562920,0.0,3.4552107000000003,1.55
69,BDX,Becton Dickinson,Health Care,211.44,22.28,1.3518385,4.65,50910180308,1537000000.0,5.6912947,3.98
70,BRK.B,Berkshire Hathaway,Financials,191.42,30.43,0.0,9.76,261401203633,0.0,1.4328232,1.58
71,BBY,Best Buy Co. Inc.,Consumer Discretionary,68.79,19.22,1.9085041,3.81,20831186176,2555000000.0,0.76715523,4.79
72,BIIB,Biogen Inc.,Health Care,311.79,14.3,0.0,11.94,69157726427,6511400000.0,5.737439,5.51
73,BLK,BlackRock,Financials,509.38,22.49,2.1643557999999996,30.3,85907759858,5684000000.0,6.9158196,2.95
74,HRB,Block H&R,Financials,25.19,12.29,3.7296038,1.92,5381433872,894754000.0,2.0188456,205.41
75,BA,Boeing Company,Industrials,329.66,27.29,1.9648397000000002,13.47,205617405233,12476000000.0,2.1560605,182.86
76,BWA,BorgWarner,Consumer Discretionary,51.94,14.15,1.2363636,0.55,11596117445,867900000.0,1.5831376,2.89
77,BXP,Boston Properties,Real Estate,112.09,18.05,2.7744062,2.93,17799878487,1546846000.0,6.839459,3.15
78,BSX,Boston Scientific,Health Care,25.2,20.0,0.0,0.07,36142506007,1726000000.0,4.0556849999999995,4.78
79,BHF,Brighthouse Financial Inc,Financials,55.44,22.63,0.0,-24.62,7066613254,0.0,1.4188358,0.51
80,BMY,Bristol-Myers Squibb,Health Care,62.69,20.83,2.5546862999999997,2.65,102506501960,5170000000.0,6.5032309999999995,6.75
81,AVGO,Broadcom,Information Technology,229.57,15.94,2.9488583,4.01,92791974933,7016000000.0,6.961892999999999,4.4
82,BF.B,Brown-Forman Corp.,Consumer Staples,63.33,37.04,1.1216964,1.7,5498033502,1139000000.0,1.8411398,12.36
83,CHRW,C. H. Robinson Worldwide,Industrials,90.47,26.0,1.987685,3.57,12932483889,868096000.0,0.85282737,9.31
84,CA,"CA, Inc.",Information Technology,32.66,14.32,3.0,1.85,14175422936,1613000000.0,3.3742425000000003,2.44
85,COG,Cabot Oil & Gas,Energy,23.01,60.55,1.0269575999999998,-0.92,10808821635,404951000.0,8.636728999999999,4.21
86,CDNS,Cadence Design Systems,Information Technology,36.82,34.09,0.0,0.74,10890625200,455607000.0,5.751737,10.98
87,CPB,Campbell Soup,Consumer Staples,44.83,14.84,3.125,2.89,13467193376,1683000000.0,2.3898203,7.91
88,COF,Capital One Financial,Financials,91.8,11.85,1.6306564,3.45,47637260000,0.0,1.5931405,0.94
89,CAH,Cardinal Health Inc.,Health Care,66.63,12.29,2.8394227,4.04,20493281175,1913000000.0,0.21131156,3.03
90,KMX,Carmax Inc,Consumer Discretionary,64.34,19.44,0.0,3.97,11827453706,1339628000.0,0.6913859,3.55
91,CCL,Carnival Corp.,Consumer Discretionary,66.76,17.48,2.6041667,3.58,49180044050,4711000000.0,2.8147783,2.0
92,CAT,Caterpillar Inc.,Industrials,145.99,21.22,2.0215108,1.26,91822049046,8136000000.0,2.0468428,5.75
93,CBOE,CBOE Holdings,Financials,111.15,35.06,0.9426962999999999,2.27,12998295607,488406000.0,8.249042,5.15
94,CBG,CBRE Group,Real Estate,41.92,15.82,0.0,1.69,14440591731,1652961000.0,1.4622321000000003,3.74
95,CBS,CBS Corp.,Consumer Discretionary,51.8,12.05,1.3473053999999998,2.81,20431395736,2841000000.0,2.1055017000000005,6.91
96,CELG,Celgene Corp.,Health Care,91.02,13.27,0.0,3.58,74921079154,5233000000.0,5.830071,7.49
97,CNC,Centene Corporation,Health Care,100.36,19.12,0.0,3.23,18012494506,2063000000.0,0.5028663,2.58
98,CNP,CenterPoint Energy,Utilities,25.85,19.73,4.2109255999999995,1.0,11362043297,2337000000.0,1.6262617,3.21
99,CTL,CenturyLink Inc,Telecommunication Services,16.2,8.35,12.661196,1.16,18237196861,5577000000.0,1.4795983999999998,1.39
100,CERN,Cerner,Health Care,61.22,27.09,0.0,1.84,21101697598,1523440000.0,5.5560412,4.62
101,CF,CF Industries Holdings Inc,Materials,37.46,-59.46,3.0395136000000003,-1.2,9209106695,711000000.0,3.0044447999999995,2.81
102,SCHW,Charles Schwab Corporation,Financials,48.9,29.82,0.76878726,1.61,69750188843,0.0,7.949615,4.51
103,CHTR,Charter Communications,Consumer Discretionary,348.65,162.92,0.0,34.08,86708878113,14694000000.0,2.1208633999999997,2.27
104,CHK,Chesapeake Energy,Energy,2.82,4.7,0.0,-6.44,2626102121,1470000000.0,0.40765184,1.84
105,CVX,Chevron Corp.,Energy,112.3,27.52,3.885853,4.85,218978820159,28877000000.0,1.6489863,1.71
106,CMG,Chipotle Mexican Grill,Consumer Discretionary,266.01,45.86,0.0,0.8,7685283970,401293000.0,2.5523853,6.11
107,CB,Chubb Limited,Financials,140.39,17.5,1.9251627,8.2,68424670566,0.0,2.0985637,1.35
108,CHD,Church & Dwight,Consumer Staples,47.38,24.42,1.8366054,2.92,11838963451,868000000.0,3.1682447999999996,6.28
109,CI,CIGNA Corp.,Health Care,189.27,18.11,0.020466639,7.2,47680910480,0.0,1.550762,3.39
110,XEC,Cimarex Energy,Energy,100.19,26.37,0.30214334,-4.64,10089082025,1061056000.0,7.556446,4.28
111,CINF,Cincinnati Financial,Financials,70.34,27.48,2.918904,3.55,11916533018,0.0,2.756679,1.6
112,CTAS,Cintas Corporation,Industrials,149.32,32.75,1.0344826999999999,4.38,16676145923,1097295000.0,2.7614057,6.53
113,CSCO,Cisco Systems,Information Technology,38.77,17.87,2.8755577000000003,1.91,199425716482,15447000000.0,5.484418,3.07
114,C,Citigroup Inc.,Financials,71.87,13.48,1.7068942999999999,-3.1,192709302000,0.0,2.1857585999999998,0.9
115,CFG,Citizens Financial Group,Financials,42.19,16.04,1.9625335,3.27,22008050974,0.0,3.3917346,1.08
116,CTXS,Citrix Systems,Information Technology,84.53,20.37,0.0,-0.24,13199167493,810268000.0,4.7538714,6.73
117,CME,CME Group Inc.,Financials,153.04,32.15,3.6828613,11.94,54423298745,2851800000.0,14.881806,2.51
118,CMS,CMS Energy,Utilities,41.77,21.42,3.3918407,1.99,11873960824,2099000000.0,2.4711676,2.65
119,KO,Coca-Cola Company (The),Consumer Staples,43.1,22.8,3.3213644,1.49,189855335601,8589000000.0,6.822138000000001,8.65
120,CTSH,Cognizant Technology Solutions,Information Technology,75.16,22.44,1.0454783,2.54,45119684067,2946000000.0,3.9678397000000003,3.94
121,CL,Colgate-Palmolive,Consumer Staples,68.95,24.02,2.2801766,2.28,61616643498,4064000000.0,4.000737,236.42
122,CMCSA,Comcast Corp.,Consumer Discretionary,38.19,18.54,1.8929017,4.74,186476996883,28675000000.0,2.1797748,2.65
123,CMA,Comerica Inc.,Financials,89.18,18.89,1.2823253000000001,4.13,16274969256,0.0,4.9054720000000005,1.96
124,CAG,Conagra Brands,Consumer Staples,35.49,18.2,2.3683476000000003,1.46,14379717835,1281200000.0,1.8294993999999998,3.86
125,CXO,Concho Resources,Energy,140.09,84.39,0.0,-11.04,22021882339,2151190000.0,12.271951,2.61
126,COP,ConocoPhillips,Energy,53.24,72.93,2.049254,-0.65,65482462410,5328000000.0,2.0764177,2.16
127,ED,Consolidated Edison,Utilities,74.73,18.64,3.8001595,4.1,23335777662,4288000000.0,2.960244,1.58
128,STZ,Constellation Brands,Consumer Staples,208.73,30.92,0.9712818000000001,8.71,41697453163,3033300000.0,5.145596,5.14
129,GLW,Corning Inc.,Information Technology,28.45,16.45,2.0791416000000003,-0.78,25759280346,2970000000.0,2.544682,1.71
130,COST,Costco Wholesale Corp.,Consumer Staples,178.61,30.69,1.0917627,6.09,80439804508,5679000000.0,0.61203885,7.24
131,COTY,"Coty, Inc",Consumer Staples,19.96,24.64,2.8604119999999997,-0.63,13101112504,211400000.0,2.0061796000000003,1.37
132,CCI,Crown Castle International Corp.,Real Estate,103.81,21.45,3.8620690000000004,1.02,44183023189,2292600000.0,10.125291,3.54
133,CSRA,CSRA Inc.,Information Technology,30.85,15.12,1.275917,1.83,5134501276,543000000.0,1.3324839,11.37
134,CSX,CSX Corp.,Industrials,50.47,21.94,1.5102888,6.07,47340511707,5003000000.0,4.216355,4.27
135,CMI,Cummins Inc.,Industrials,165.73,16.83,2.5008682999999996,8.23,28669230787,2924000000.0,1.9406168000000001,3.89
136,CVS,CVS Health,Consumer Staples,70.55,12.36,2.6899797999999997,4.91,75323141722,11704000000.0,0.549852,2.13
137,DHI,D. R. Horton,Consumer Discretionary,44.55,16.32,1.0801469,2.73,17390873686,1691000000.0,1.1931022,2.17
138,DHR,Danaher Corp.,Health Care,92.16,22.87,0.5879265,3.53,66351150000,4339800000.0,3.688278,2.65
139,DRI,Darden Restaurants,Consumer Discretionary,91.33,22.72,2.6503997000000004,3.81,11745595320,997600000.0,1.5278828000000002,5.89
140,DVA,DaVita Inc.,Health Care,71.91,20.55,0.0,4.3,13685178000,2252294000.0,1.1451396999999999,2.79
141,DE,Deere & Co.,Industrials,153.66,23.14,1.4866204,6.64,52186628646,4053300000.0,2.3746447999999996,5.31
142,DAL,Delta Air Lines Inc.,Industrials,51.23,10.37,2.2655525,4.94,38393603535,8348000000.0,0.91792434,2.67
143,XRAY,Dentsply Sirona,Health Care,56.85,22.65,0.60034305,1.99,13390513478,-411100000.0,4.6262620000000005,1.8
144,DVN,Devon Energy Corp.,Energy,34.94,23.93,0.6528835999999999,-6.89,19317380000,3723000000.0,2.0660408,2.85
145,DLR,Digital Realty Trust Inc,Real Estate,98.96,16.55,3.5710857000000003,2.19,21400952517,1260662000.0,12.434961,2.32
146,DFS,Discover Financial Services,Financials,72.4,12.13,1.8269607,5.41,27433540000,0.0,2.3610325,2.52
147,DISCA,Discovery Communications-A,Consumer Discretionary,22.87,11.0,0.0,1.96,8763756733,2100000000.0,1.8040880000000001,1.5
148,DISCK,Discovery Communications-C,Consumer Discretionary,21.58,10.37,0.0,1.96,8320262123,2100000000.0,1.7147918000000002,1.43
149,DISH,Dish Network,Consumer Discretionary,43.77,16.09,0.0,3.06,21032719056,2754331000.0,1.8521843,3.76
150,DG,Dollar General,Consumer Discretionary,95.1,21.18,1.0625255,4.43,26580644874,2457604000.0,1.5283886,4.53
151,DLTR,Dollar Tree,Consumer Discretionary,101.58,26.66,0.0,3.77,25151198417,2430300000.0,1.6097589,4.08
152,D,Dominion Energy,Utilities,73.31,20.42,4.5281997,4.91,47543571860,6428000000.0,3.7954214,2.96
153,DOV,Dover Corp.,Industrials,96.2,23.87,1.8815053,5.15,15566645713,1513291000.0,1.986176,3.59
154,DWDP,DowDuPont,Materials,68.21,49.43,2.1529746,1.59,165203312427,5250000000.0,2.6922395,1.54
155,DPS,Dr Pepper Snapple Group,Consumer Staples,116.93,26.57,1.9661016,4.54,21209783858,1507000000.0,4.2149186,9.99
156,DTE,DTE Energy Co.,Utilities,98.49,19.12,3.5559585,4.82,17808073691,2790000000.0,1.9091922,1.95
157,DUK,Duke Energy,Utilities,74.32,16.7,4.784946400000001,3.12,52078185682,9895000000.0,2.9348857,1.27
158,DRE,Duke Realty Corp,Real Estate,24.52,19.77,3.1533307999999995,0.88,9035293365,529483000.0,16.077257,1.94
159,DXC,DXC Technology,Information Technology,91.92,79.93,0.7493755,-0.89,27408621020,1628000000.0,1.9598055,2.26
160,ETFC,E*Trade,Financials,48.48,22.14,0.0,2.15,13754977266,0.0,5.689136,2.15
161,EMN,Eastman Chemical,Materials,93.57,12.28,2.2630835,10.12,14226830813,2152000000.0,1.4904785,2.78
162,ETN,Eaton Corporation,Industrials,79.41,17.08,2.9404557000000002,6.68,35961772000,4253000000.0,1.8161736000000002,2.17
163,EBAY,eBay Inc.,Information Technology,41.02,24.86,0.0,-1.07,44216696399,2941000000.0,4.6720185,3.8
164,ECL,Ecolab Inc.,Materials,127.76,28.08,1.2319711000000002,4.14,38460272282,2848600000.0,3.7360687000000006,5.28
165,EIX,Edison Int'l,Utilities,58.07,13.23,4.0542803,3.96,19447670886,4284000000.0,2.161095,1.59
166,EW,Edwards Lifesciences,Health Care,123.78,32.57,0.0,2.88,27447099863,1156700000.0,7.8283277,8.48
167,EA,Electronic Arts,Information Technology,116.54,34.48,0.0,3.07,37890226992,1560000000.0,7.4415816999999995,8.54
168,EMR,Emerson Electric Company,Industrials,66.4,25.74,2.813225,2.35,44040298425,2542000000.0,3.6707752,5.01
169,ETR,Entergy Corp.,Utilities,72.02,10.65,4.892126,-3.26,13116894887,880700000.0,1.5543115,1.54
170,EVHC,Envision Healthcare,Health Care,35.34,10.91,0.0,-0.48,4212729247,827200000.0,1.227099,0.64
171,EOG,EOG Resources,Energy,101.04,246.44,0.63339007,-1.98,61164030149,3692749000.0,8.023019999999999,4.55
172,EQT,EQT Corporation,Energy,46.25,53.16,0.25183629999999996,-2.69,12638828950,1518305000.0,6.4987307,2.15
173,EFX,Equifax Inc.,Industrials,114.0,19.03,1.3265306000000001,4.04,14121334618,1141200000.0,5.633805799999999,4.59
174,EQIX,Equinix,Real Estate,409.98,23.06,1.8775817,1.77,33333813618,1687152000.0,10.639136,5.14
175,EQR,Equity Residential,Real Estate,55.26,17.6,3.5437917999999997,1.63,20925508143,1710686000.0,8.593619,2.09
176,ESS,"Essex Property Trust, Inc.",Real Estate,218.28,18.66,3.2138102,6.27,14383525286,1237886000.0,14.1830845,2.3
177,EL,Estee Lauder Cos.,Consumer Staples,131.46,37.78,1.1283498,3.35,49543264457,2478000000.0,3.9522583,10.82
178,RE,Everest Re Group Ltd.,Financials,241.06,27.24,2.1078234,23.71,10131892523,0.0,2.0991988,1.16
179,ES,Eversource Energy,Utilities,56.11,18.22,3.3397784,2.96,18027633617,2738713000.0,3.1134193,1.68
180,EXC,Exelon Corp.,Utilities,35.98,14.51,3.8174273999999997,1.23,34734816899,8548000000.0,1.3933871,1.26
181,EXPE,Expedia Inc.,Consumer Discretionary,123.03,30.99,0.92785895,1.81,19722178609,1481458000.0,2.5074897000000003,4.14
182,EXPD,Expeditors International,Industrials,60.36,25.26,1.3520038,2.36,11040678071,721643000.0,2.1903189999999997,5.55
183,ESRX,Express Scripts,Health Care,73.35,10.72,0.0,5.39,42449656350,7309300000.0,0.57588416,2.65
184,EXR,Extra Space Storage,Real Estate,77.56,18.12,3.879632,2.92,10133547517,717468000.0,12.204818,4.54
185,XOM,Exxon Mobil Corp.,Energy,76.07,21.37,4.0031195,1.88,326148660000,39052000000.0,1.7701944,1.85
186,FFIV,F5 Networks,Information Technology,137.25,21.21,0.0,6.51,8744185796,629940000.0,4.1203604,6.86
187,FB,"Facebook, Inc.",Information Technology,171.58,27.9,0.0,5.39,523423036576,23624000000.0,13.241967,7.08
188,FAST,Fastenal Co,Industrials,52.15,27.02,2.7798648,2.01,15311373377,1009600000.0,3.4729769999999998,7.39
189,FRT,Federal Realty Investment Trust,Real Estate,108.11,18.35,3.5925992,3.5,8077368506,540767000.0,12.898601,3.98
190,FDX,FedEx Corporation,Industrials,239.27,19.45,0.7963368000000001,11.07,67280478816,8062000000.0,1.0751684,3.9
191,FIS,Fidelity National Information Services,Information Technology,92.74,22.08,1.322724,1.72,32308459680,2782000000.0,4.7038417,3.25
192,FITB,Fifth Third Bancorp,Financials,31.1,16.9,1.9789734,2.85,22437653700,0.0,2.8802847999999996,1.46
193,FE,FirstEnergy Corp,Utilities,30.64,11.18,4.673807,-14.49,13706075072,-5067000000.0,1.2994481000000002,2.19
194,FISV,Fiserv Inc,Information Technology,133.05,27.32,0.0,4.14,26918949723,1911000000.0,6.518713,11.54
195,FLIR,FLIR Systems,Information Technology,46.46,25.53,1.2396694,1.21,6706992926,375267000.0,5.137961,3.52
196,FLS,Flowserve Corporation,Industrials,40.82,26.17,1.8291216000000001,1.12,5427884956,463066000.0,2.0803037,3.15
197,FLR,Fluor Corp.,Industrials,55.31,19.9,1.4726508,1.99,7978485059,709756000.0,0.5516401999999999,2.4
198,FMC,FMC Corporation,Materials,80.87,32.48,0.785995,1.56,11273961835,557800000.0,6.008903500000001,5.26
199,FL,Foot Locker Inc,Consumer Discretionary,45.88,9.5,2.5827951000000002,4.91,5819080328,957000000.0,1.0362948,
200,F,Ford Motor,Consumer Discretionary,10.43,5.89,6.7843865999999995,1.9,42414328338,9281000000.0,0.27054095,1.26
201,FTV,Fortive Corp,Industrials,69.14,25.05,0.39057052,2.46,24916503061,1508300000.0,5.168267299999999,7.17
202,FBHS,Fortune Brands Home & Security,Industrials,62.44,20.27,1.2618296,3.04,9624169008,814500000.0,1.8434572,3.76
203,BEN,Franklin Resources,Financials,38.0,12.67,2.3326569999999998,3.0,21759187973,2711300000.0,3.3991010000000004,1.83
204,FCX,Freeport-McMoRan Inc.,Materials,17.16,14.67,1.1198208,1.24,25853969330,5347000000.0,1.6538345,3.66
205,GPS,Gap Inc.,Consumer Discretionary,31.17,15.35,2.8203557,1.69,12684517721,1959000000.0,1.1289738,3.93
206,GRMN,Garmin Ltd.,Consumer Discretionary,61.13,21.23,3.2339884999999997,2.69,11840331607,736798000.0,5.319881,3.14
207,IT,Gartner Inc,Information Technology,114.26,36.86,0.0,2.31,10828314389,234935000.0,4.894499,13.47
208,GD,General Dynamics,Industrials,206.05,20.71,1.5631542,9.55,64180390701,4618000000.0,2.0481362,5.45
209,GE,General Electric,Industrials,14.45,13.76,3.147541,-0.72,132249296250,-206000000.0,1.0887611000000001,1.7
210,GGP,General Growth Properties Inc.,Real Estate,21.62,13.86,4.0054620000000005,1.34,21018887283,1740540000.0,17.003777,2.57
211,GIS,General Mills,Consumer Staples,53.99,17.53,3.5864594,2.77,31098243069,3107600000.0,2.0389178,7.26
212,GM,General Motors,Consumer Discretionary,40.75,6.58,3.5857513,6.0,61536606173,23541000000.0,0.5633218000000001,1.33
213,GPC,Genuine Parts,Consumer Discretionary,96.31,21.17,2.7198548,4.6,14554321748,1201517000.0,1.212236,4.33
214,GILD,Gilead Sciences,Health Care,78.22,8.16,2.754954,9.95,108106822109,17590000000.0,5.208746400000001,4.12
215,GPN,Global Payments Inc.,Information Technology,100.59,27.86,0.037622273,1.58,16920023264,960345000.0,5.775833,4.73
216,GS,Goldman Sachs Group,Financials,246.35,12.44,1.1668611999999998,8.61,96978500251,0.0,2.309415,1.25
217,GT,Goodyear Tire & Rubber,Consumer Discretionary,30.75,9.92,1.6731401999999997,4.74,8244568238,2044000000.0,0.72725976,1.65
218,GWW,Grainger (W.W.) Inc.,Industrials,258.6,22.57,1.9700643,10.02,14639308205,1279846000.0,1.3995146,8.1
219,HAL,Halliburton Co.,Energy,47.41,38.86,1.4489836999999999,-0.53,43356557470,2910000000.0,2.1424223999999996,4.74
220,HBI,Hanesbrands Inc,Consumer Discretionary,19.57,10.04,2.7322404,1.41,8006268615,926153000.0,1.6339768,6.17
221,HOG,Harley-Davidson,Consumer Discretionary,47.54,13.7,3.0218647,2.98,8158949890,1058817000.0,1.66195,4.31
222,HRS,Harris Corporation,Information Technology,149.84,26.38,1.4922442,4.43,18140726600,1368000000.0,2.9516637,5.88
223,HIG,Hartford Financial Svc.Gp.,Financials,53.34,14.34,1.7901897,2.27,19926305632,0.0,1.3939538,1.15
224,HAS,Hasbro Inc.,Consumer Discretionary,96.48,20.57,2.2304833,4.34,12732072001,1028425000.0,3.2375681,5.82
225,HCA,HCA Holdings,Health Care,95.97,14.07,1.4227642,5.94,34449052800,8202000000.0,0.7251920999999999,
226,HCP,HCP Inc.,Real Estate,22.64,10.99,6.330197,1.33,10967755538,1412684000.0,8.127108999999999,1.97
227,HP,Helmerich & Payne,Energy,64.87,-54.51,4.149992500000001,-1.2,7345243806,483673000.0,3.7385862000000003,1.62
228,HSIC,Henry Schein,Health Care,70.85,19.85,0.0,3.1,11452961984,1033985000.0,1.262194,3.74
229,HES,Hess Corporation,Energy,43.0,-9.33,2.2670596,-19.94,14016129999,-819000000.0,3.780475,1.08
230,HPE,Hewlett Packard Enterprise,Information Technology,15.04,11.57,1.9280206000000002,0.21,24800859640,3683000000.0,1.4609766000000002,1.06
231,HLT,Hilton Worldwide Holdings Inc,Consumer Discretionary,78.66,36.42,0.7315289,1.05,26242415796,2815000000.0,3.7628453,17.67
232,HOLX,Hologic,Health Care,38.8,19.21,0.0,2.64,11181493750,1561000000.0,4.80335,4.0
233,HD,Home Depot,Consumer Discretionary,181.22,28.1,1.8610487,6.46,223378633329,16513000000.0,2.8964397999999996,84.08
234,HON,Honeywell Int'l Inc.,Industrials,146.02,20.68,1.9710299,2.08,114422168609,8333000000.0,2.8267898999999996,5.71
235,HRL,Hormel Foods Corp.,Consumer Staples,32.21,20.39,2.2907757999999996,1.57,17338613096,1422305000.0,2.5174792,3.49
236,HST,Host Hotels & Resorts,Real Estate,18.75,11.23,4.1131105,1.02,14394715334,1547000000.0,3.5549128,2.02
237,HPQ,HP Inc.,Information Technology,19.92,12.07,2.6270627999999996,1.49,34895294088,3700000000.0,0.8954903000000001,0.66
238,HUM,Humana Inc.,Health Care,262.37,22.39,0.6040015000000001,4.06,36973617235,0.0,0.9256895,3.33
239,HBAN,Huntington Bancshares,Financials,15.1,15.41,2.8132992000000003,1.0,16766497291,0.0,3.5112102,1.72
240,HII,Huntington Ingalls Industries,Industrials,225.37,18.75,1.2264713,12.15,10628247899,1107000000.0,1.8924941000000002,6.04
241,IDXX,IDEXX Laboratories,Health Care,169.28,53.57,0.0,2.94,15422885020,478307000.0,7.97525,196.21
242,INFO,IHS Markit Ltd.,Industrials,43.73,26.19,0.0,1.0,17969275816,1018900000.0,5.0604,2.24
243,ITW,Illinois Tool Works,Industrials,156.15,23.62,1.9089574,4.86,55994378108,3924000000.0,3.9286149,10.99
244,ILMN,Illumina Inc,Health Care,209.54,52.25,0.0,4.92,32295200000,1192000000.0,11.713953,10.89
245,INCY,Incyte,Health Care,83.92,-119.89,0.0,0.54,18220961259,-81686000.0,17.026989999999998,10.25
246,IR,Ingersoll-Rand PLC,Industrials,87.6,19.38,1.9739006999999997,5.07,22785450609,1987100000.0,1.6147361,3.34
247,INTC,Intel Corp.,Information Technology,42.75,12.32,2.6548672000000004,1.98,211536000000,26247000000.0,3.348876,3.34
248,ICE,Intercontinental Exchange,Financials,67.0,22.95,5.4298644,2.37,41373051167,3103000000.0,9.619987,2.62
249,IBM,International Business Machines,Information Technology,147.59,10.67,3.8999026,6.11,142433003505,16557000000.0,1.8171669999999998,7.7
250,IP,International Paper,Materials,56.05,15.57,3.2067509999999997,5.14,24465996443,3004000000.0,1.0738261,4.99
251,IPG,Interpublic Group,Consumer Discretionary,21.34,15.46,3.3802817000000003,1.49,8277363031,1074900000.0,1.4712903,4.01
252,IFF,Intl Flavors & Fragrances,Materials,138.0,24.17,1.9341276,5.05,11270040447,699963000.0,4.4208813,6.34
253,INTU,Intuit Inc.,Information Technology,152.75,40.52,0.96720195,3.72,41233771565,1654000000.0,9.633731,33.5
254,ISRG,Intuitive Surgical Inc.,Health Care,381.87,48.58,0.0,5.67,44866621303,1153700000.0,14.655261,9.48
255,IVZ,Invesco Ltd.,Financials,31.92,11.87,3.466826,2.74,13620847614,1606200000.0,2.6513786,1.62
256,IQV,IQVIA Holdings Inc.,Health Care,95.23,21.74,0.0,0.76,20426488713,1542000000.0,2.8477087000000005,2.77
257,IRM,Iron Mountain Incorporated,Real Estate,32.07,15.42,7.08258,0.46,9410249279,1116140000.0,3.2898626,4.97
258,JBHT,J. B. Hunt Transport Services,Industrials,114.81,30.62,0.8139042,6.19,12945366350,1007309000.0,1.7697401999999998,8.55
259,JEC,Jacobs Engineering Group,Industrials,62.82,19.45,0.9089531999999999,2.43,9326484316,409832000.0,1.2129636000000001,2.01
260,SJM,JM Smucker,Consumer Staples,118.37,15.35,2.6036884999999996,5.1,13612394896,1411300000.0,2.496677,1.88
261,JNJ,Johnson & Johnson,Health Care,126.36,17.31,2.5566885,0.39,353062464971,22430000000.0,4.6326222,4.74
262,JCI,Johnson Controls International,Industrials,36.55,14.0,2.7659574,1.71,34822224800,4295000000.0,1.1415336,1.69
263,JPM,JPMorgan Chase & Co.,Financials,107.88,15.43,1.9845841,6.3,386613611000,0.0,3.3714992999999995,1.6
264,JNPR,Juniper Networks,Information Technology,24.66,14.09,1.5754233999999998,0.78,9267350000,1115500000.0,1.8543326,1.78
265,KSU,Kansas City Southern,Industrials,103.53,19.8,1.3445379,9.16,11037040988,1295400000.0,4.281897,2.39
266,K,Kellogg Co.,Consumer Staples,65.98,16.5,3.3639620000000003,1.95,22182794875,1827000000.0,2.3173764,11.5
267,KEY,KeyCorp,Financials,20.08,14.66,1.9876952,1.12,22589744920,0.0,3.270451,1.55
268,KMB,Kimberly-Clark,Consumer Staples,111.69,17.93,3.5599858999999996,6.41,39449596000,4033000000.0,2.1947837000000003,151.66
269,KIM,Kimco Realty,Real Estate,14.01,9.28,7.713498599999999,0.8,6180487499,701190000.0,7.0508942999999995,1.2
270,KMI,Kinder Morgan,Energy,16.8,25.07,2.891845,0.01,38612712234,5981000000.0,2.8239360000000002,1.07
271,KLAC,KLA-Tencor Corp.,Information Technology,98.54,16.59,2.2988505,5.88,16078622033,1506642000.0,4.3395863,12.93
272,KSS,Kohl's Corp.,Consumer Discretionary,60.34,16.01,3.4965036,3.12,10570861198,2286000000.0,0.8557756999999999,2.04
273,KHC,Kraft Heinz Co,Consumer Staples,71.58,20.11,3.3990483,2.81,89618309338,7832000000.0,4.678085299999999,1.54
274,KR,Kroger Co.,Consumer Staples,27.57,13.07,1.7301039,2.05,25471355847,5342000000.0,0.27961263,4.02
275,LB,L Brands Inc.,Consumer Discretionary,47.77,12.77,4.886988,3.98,13862042842,2329000000.0,1.7060977,1403.38
276,LLL,L-3 Communications Holdings,Industrials,198.79,23.14,1.4444605,8.51,16229343134,1137000000.0,1.4884604,3.12
277,LH,Laboratory Corp. of America Holding,Health Care,165.46,17.79,0.0,7.02,17271388000,1861200000.0,2.2459624,2.71
278,LRCX,Lam Research,Information Technology,162.23,16.29,1.1652973999999998,9.22,27967534829,2967218000.0,3.0405292999999998,4.52
279,LEG,Leggett & Platt,Consumer Discretionary,43.99,17.88,3.1454785,2.76,6034600480,447000000.0,2.0302901,4.89
280,LEN,Lennar Corp.,Consumer Discretionary,59.11,15.35,0.26268265,3.38,14615967194,1405319000.0,1.1468264,1.76
281,LUK,Leucadia National Corp.,Financials,23.86,15.39,1.5993601999999998,0.33,8910389431,2201336000.0,1.0410156,0.84
282,LLY,Lilly (Eli) & Co.,Health Care,74.21,17.34,2.9327424,-0.2,84475986228,3459800000.0,3.7546779999999997,5.73
283,LNC,Lincoln National,Financials,73.86,9.49,1.6813145,9.24,17123031000,0.0,1.2019440000000001,1.04
284,LKQ,LKQ Corporation,Consumer Discretionary,38.86,21.35,0.0,1.5,12469931896,1065614000.0,1.723609,3.02
285,LMT,Lockheed Martin Corp.,Industrials,334.3,24.28,2.315954,6.83,98102120000,7115000000.0,1.8781451,45.55
286,L,Loews Corp.,Financials,46.05,15.99,4.5131635999999995,1.93,16111166935,0.0,1.5809761,0.85
287,LOW,Lowe's Cos.,Consumer Discretionary,95.01,23.87,1.6413131,3.46,82909678852,7858000000.0,1.5653384,14.1
288,LYB,LyondellBasell,Materials,105.79,10.35,3.264714,12.25,43556650000,6851000000.0,1.3037611999999998,5.86
289,MTB,M&T Bank Corp.,Financials,178.35,18.91,1.6218846000000002,8.69,27840827434,0.0,4.6277885,1.79
290,MAC,Macerich,Real Estate,58.36,14.81,4.917760400000001,3.43,8473119166,503183000.0,11.394877000000001,2.24
291,M,Macy's Inc.,Consumer Discretionary,24.0,7.67,6.098546,1.98,7541063495,2446000000.0,0.45503208,1.69
292,MRO,Marathon Oil Corp.,Energy,15.68,-32.0,1.2247398,-2.65,13875005314,2266000000.0,4.657875499999999,
293,MPC,Marathon Petroleum,Energy,62.79,16.06,2.8268552000000002,6.85,31633740000,5978000000.0,0.42713487,2.43
294,MAR,Marriott Int'l.,Consumer Discretionary,133.88,32.73,0.9452879000000001,2.67,50910130358,2620000000.0,2.9997249,11.02
295,MMC,Marsh & McLennan,Financials,79.31,20.23,1.8257058999999998,2.87,41819440000,3236000000.0,2.9848945,5.85
296,MLM,Martin Marietta Materials,Materials,208.42,30.38,0.8042038,6.63,13756812736,975223000.0,4.416998,3.03
297,MAS,Masco Corp.,Industrials,40.7,22.12,0.98383695,1.47,13428792315,1179000000.0,2.308266,11.93
298,MA,Mastercard Inc.,Information Technology,160.62,34.99,0.5926628,3.65,187102014193,7113000000.0,15.020556,26.93
299,MAT,Mattel Inc.,Consumer Discretionary,16.0,-14.68,0.0,-3.06,5843402350,-203599000.0,1.1863721999999999,3.87
300,MKC,McCormick & Co.,Consumer Staples,101.36,23.91,2.0261056,3.73,13459353253,815700000.0,2.7788277000000003,5.2
301,MCD,McDonald's Corp.,Consumer Discretionary,158.97,23.83,2.4379939999999998,6.36,132101623787,10515400000.0,5.770237,146.07
302,MCK,McKesson Corp.,Health Care,150.23,11.68,0.8898775999999999,22.74,31534840262,7232000000.0,0.15318617,2.68
303,MDT,Medtronic plc,Health Care,78.38,17.04,2.2618315,2.89,110107062300,9204000000.0,4.944542,2.14
304,MRK,Merck & Co.,Health Care,54.73,13.75,3.4359339999999996,1.4,152241530340,8715000000.0,5.0893345000000005,4.02
305,MET,MetLife Inc.,Financials,44.28,8.52,3.4587116,0.63,48679364276,0.0,1.0496864,0.85
306,MTD,Mettler Toledo,Health Care,601.0,35.56,0.0,14.24,16420774443,666706000.0,8.372307000000001,31.69
307,MGM,MGM Resorts International,Consumer Discretionary,33.5,29.65,1.2687428,1.92,19633674337,2680385000.0,2.2276719,3.09
308,KORS,Michael Kors Holdings,Consumer Discretionary,60.03,14.29,0.0,3.31,10053919023,456600000.0,3.1455927000000004,5.4
309,MCHP,Microchip Technology,Information Technology,79.9,21.77,1.7512966,0.66,19393095636,997492000.0,7.4475183000000005,5.9
310,MU,Micron Technology,Information Technology,40.0,9.01,0.0,4.36,48576791974,12541000000.0,2.1912806000000002,2.02
311,MSFT,Microsoft Corp.,Information Technology,85.01,25.76,1.8747908,2.97,689978437468,41079000000.0,7.113096700000001,9.49
312,MAA,Mid-America Apartments,Real Estate,85.39,14.38,4.19652,2.86,9992628990,871483000.0,6.6291075,1.6
313,MHK,Mohawk Industries,Consumer Discretionary,256.57,19.08,0.0,12.48,19897356456,1750393000.0,2.7977824,2.88
314,TAP,Molson Coors Brewing Company,Consumer Staples,74.51,17.66,2.1533613,9.27,12396862128,4708400000.0,1.2371694,1.34
315,MDLZ,Mondelez International,Consumer Staples,42.68,19.85,1.9977299,1.91,65827817742,4355000000.0,2.5708609,2.52
316,MON,Monsanto Co.,Materials,119.08,21.53,1.7938709,5.09,53076824328,4217000000.0,3.589782,7.96
317,MNST,Monster Beverage,Consumer Staples,61.99,42.17,0.0,1.19,36403831015,1229478000.0,14.152586999999999,9.56
318,MCO,Moody's Corp,Financials,152.14,26.55,1.1140649999999999,1.35,30189978000,1238000000.0,9.932974,73.84
319,MS,Morgan Stanley,Financials,51.79,14.23,1.8331805,3.09,97535400000,0.0,2.2258842,1.33
320,MSI,Motorola Solutions Inc.,Information Technology,98.74,19.03,2.0266979,-1.08,16626039679,1629000000.0,2.6092633999999997,6.81
321,MYL,Mylan N.V.,Health Care,39.25,8.35,0.0,0.93,21698849265,3113300000.0,2.5358944,1.63
322,NDAQ,"Nasdaq, Inc.",Financials,75.21,17.78,1.9671283,4.32,12844304115,1212000000.0,3.2591083,2.25
323,NOV,National Oilwell Varco Inc.,Energy,32.64,-77.71,0.5873715,-6.4,12940096785,353000000.0,2.5209634,0.91
324,NAVI,Navient,Financials,13.38,7.56,4.558404400000001,1.01,3692691330,0.0,0.6986579,1.02
325,NTAP,NetApp,Information Technology,55.85,26.1,1.3881658000000001,1.81,15375210915,1075000000.0,3.6687025999999996,5.46
326,NFLX,Netflix Inc.,Information Technology,250.1,200.08,0.0,1.25,114805404842,809028000.0,9.861594,30.8
327,NWL,Newell Brands,Consumer Discretionary,27.91,9.72,3.1228786,1.17,14438346000,2021400000.0,1.2810479,1.01
328,NFX,Newfield Exploration Co,Energy,26.38,13.12,0.0,-6.5,5695123080,896000000.0,4.703259,4.51
329,NEM,Newmont Mining Corporation,Materials,36.61,26.34,0.8101539000000001,-1.18,19749449484,1509000000.0,3.7076392,1.81
330,NWSA,News Corp. Class A,Consumer Discretionary,15.65,43.47,1.2453299999999998,-1.28,9356906461,679000000.0,1.5518167,0.85
331,NWS,News Corp. Class B,Consumer Discretionary,15.85,44.03,1.2269938999999999,-1.28,9496735699,679000000.0,1.5718216,0.86
332,NEE,NextEra Energy,Utilities,145.29,21.65,2.6537917,11.39,69661177770,9018000000.0,4.091698,2.75
333,NLSN,Nielsen Holdings,Industrials,33.9,18.73,3.6208732000000006,1.39,13377670080,1836000000.0,2.7288197999999997,3.02
334,NKE,Nike,Consumer Discretionary,62.49,24.9,1.2189548000000001,2.51,106776113744,5162000000.0,3.0549932,8.91
335,NI,NiSource Inc.,Utilities,22.51,19.57,3.3780859,1.02,7776566371,1448600000.0,2.2361343,1.82
336,NBL,Noble Energy Inc,Energy,25.43,105.96,1.4771048999999998,-2.32,13177325251,-518000000.0,4.6976447,1.44
337,JWN,Nordstrom,Consumer Discretionary,47.23,15.04,3.0020284999999998,2.02,8212509855,1448000000.0,0.74603415,9.1
338,NSC,Norfolk Southern Corp.,Industrials,136.89,20.65,2.018503,18.73,40543547441,4737000000.0,3.8525907999999998,3.09
339,NTRS,Northern Trust Corp.,Financials,96.2,19.96,1.6678249,4.92,22908130223,0.0,4.031728,2.44
340,NOC,Northrop Grumman Corp.,Industrials,324.01,24.4,1.3030859,11.47,58782413951,3884000000.0,2.2095759999999998,7.96
341,NCLH,Norwegian Cruise Line,Consumer Discretionary,56.01,15.35,0.0,2.78,13191507318,1529401000.0,3.2066103999999997,2.35
342,NRG,NRG Energy,Utilities,24.0,17.78,1.4195583999999999,-2.23,8030036023,1774000000.0,0.9933021000000001,6.73
343,NUE,Nucor Corp.,Materials,60.38,17.01,2.415766,4.1,20003317128,2648729000.0,0.99837583,2.34
344,NVDA,Nvidia Corporation,Information Technology,217.52,82.08,0.26223776,2.57,138652800000,3098000000.0,20.094294,20.39
345,ORLY,O'Reilly Automotive,Consumer Discretionary,252.22,21.91,0.0,10.73,21433781860,1965187000.0,3.1934318999999998,34.12
346,OXY,Occidental Petroleum,Energy,68.47,195.63,4.4081864,-0.75,53467692395,5205000000.0,6.0448949999999995,
347,OMC,Omnicom Group,Consumer Discretionary,75.91,15.27,3.1838683999999997,4.79,17377551986,2366000000.0,1.5327156000000002,6.66
348,OKE,ONEOK,Energy,54.4,34.0,5.4436197,1.66,21988472489,1851783000.0,2.6159565,4.03
349,ORCL,Oracle Corp.,Information Technology,46.84,18.81,1.5551462999999999,2.2,202302349740,16545000000.0,5.256164599999999,3.56
350,PCAR,PACCAR Inc.,Industrials,66.98,15.72,1.455816,4.75,24152102921,3619200000.0,1.28693,3.07
351,PKG,Packaging Corporation of America,Materials,111.95,18.57,2.1514556000000002,7.07,11051273948,1214900000.0,1.741522,5.54
352,PH,Parker-Hannifin,Industrials,174.51,21.6,1.4401833,7.24,24421668509,2092089000.0,1.8652664,4.39
353,PDCO,Patterson Companies,Health Care,32.88,14.05,3.0723782,1.79,3209792400,359644000.0,0.7872792,2.34
354,PAYX,Paychex Inc.,Information Technology,61.86,27.49,3.0892801,2.26,23253666810,1414900000.0,7.248487,11.77
355,PYPL,PayPal,Information Technology,72.32,49.53,0.0,1.47,90708000000,2932000000.0,6.935696000000001,5.81
356,PNR,Pentair Ltd.,Industrials,66.67,18.89,2.03933,3.63,12466660892,863700000.0,2.5191512,2.48
357,PBCT,People's United Financial,Financials,18.56,18.02,3.59375,0.97,6527616000,0.0,3.9272704,1.17
358,PEP,PepsiCo Inc.,Consumer Staples,110.15,21.51,2.8370043999999996,4.36,161413271020,12843000000.0,3.6705062000000006,
359,PKI,PerkinElmer,Health Care,72.06,24.68,0.3695394,2.64,8351767268,445658000.0,3.7116462999999995,3.25
360,PRGO,Perrigo,Health Care,84.44,,0.73126143,-28.01,12326379902,0.0,3.3850067000000004,2.03
361,PFE,Pfizer Inc.,Health Care,33.63,12.69,3.8879358999999996,3.51,208505541949,20569000000.0,4.0020885,3.4
362,PCG,PG&E Corp.,Utilities,38.24,8.75,0.0,2.78,20309412381,6471000000.0,1.5730643999999998,1.09
363,PM,Philip Morris International,Consumer Staples,100.39,22.36,4.328479,4.48,153580671803,11802000000.0,2.7574685000000003,1318.7
364,PSX,Phillips 66,Energy,92.44,21.11,2.9285639999999997,9.93,47996220000,5311000000.0,0.47499472,2.12
365,PNW,Pinnacle West Capital,Utilities,74.34,16.06,3.698776,3.95,8397609889,1614399000.0,2.9931207000000004,1.65
366,PXD,Pioneer Natural Resources,Energy,169.16,118.29,0.1816118,-3.39,29983119693,1717000000.0,6.7890477,2.76
367,PNC,PNC Financial Services,Financials,149.38,17.55,1.9354837999999999,10.4,73315000000,0.0,4.046530000000001,1.53
368,RL,Polo Ralph Lauren Corp.,Consumer Discretionary,101.32,17.74,1.8570102,-1.19,8753430477,506100000.0,1.3948757999999999,2.44
369,PPG,PPG Industries,Materials,110.3,18.73,1.5771488999999999,6.31,29043337549,2585000000.0,1.9551051,4.83
370,PPL,PPL Corp.,Utilities,29.52,12.83,5.2196894,2.79,20839814845,3937000000.0,3.7497053,1.95
371,PX,Praxair Inc.,Materials,144.07,24.63,2.1998534,4.32,42948664203,3632000000.0,3.887915,6.88
372,PCLN,Priceline.com Inc,Consumer Discretionary,1806.06,24.26,0.0,42.66,91817448863,4803487000.0,9.176563999999999,6.92
373,PFG,Principal Financial Group,Financials,60.38,11.96,3.1914895,4.5,18457199721,0.0,1.7167546000000002,1.53
374,PG,Procter & Gamble,Consumer Staples,80.22,20.46,3.3704788999999997,5.6,206318943299,17249000000.0,3.1595004,3.85
375,PGR,Progressive Corp.,Financials,51.07,20.76,2.1061797,2.73,31062780000,0.0,1.1458876,3.25
376,PLD,Prologis,Real Estate,58.33,20.76,2.931379,3.06,31953288000,2969194000.0,14.380373,2.11
377,PRU,Prudential Financial,Financials,103.38,9.99,2.6985697999999996,9.73,47136080000,0.0,1.083727,0.93
378,PEG,Public Serv. Enterprise Inc.,Utilities,46.73,16.11,3.60587,1.75,24138050331,3613000000.0,3.4491453,1.88
379,PSA,Public Storage,Real Estate,180.49,18.21,4.316159,6.81,32258539942,1924803000.0,16.164170000000002,6.56
380,PHM,Pulte Homes Inc.,Consumer Discretionary,28.67,12.86,1.2036108,1.44,8792572352,992811000.0,1.0341544,1.99
381,PVH,PVH Corp.,Consumer Discretionary,142.68,20.98,0.100529455,6.77,11478625926,1057500000.0,1.7617522,2.14
382,QRVO,Qorvo,Information Technology,76.85,19.71,0.0,-0.13,9877885146,806875000.0,3.3891419999999997,1.98
383,QCOM,QUALCOMM Inc.,Information Technology,62.42,16.51,3.5055351000000003,1.65,96282828902,4191000000.0,4.263658,3.82
384,PWR,Quanta Services Inc.,Industrials,33.51,17.54,0.0,1.28,5330131216,649404000.0,0.77893436,1.43
385,DGX,Quest Diagnostics,Health Care,96.42,17.07,1.9884668999999997,5.5,13578300000,1453000000.0,1.7709883000000002,2.82
386,RRC,Range Resources Corp.,Energy,12.82,35.61,0.6097561,-2.79,3255587970,820095000.0,1.9624339,0.59
387,RJF,Raymond James Financial Inc.,Financials,86.06,16.94,1.0982976,4.12,13216271700,0.0,1.9734555,2.34
388,RTN,Raytheon Co.,Industrials,198.74,25.78,1.5612764,6.95,59066255840,3868000000.0,2.2938327999999997,5.28
389,O,Realty Income Corporation,Real Estate,47.56,15.54,5.3720360000000005,1.12,13784942453,1075568000.0,15.588069,1.92
390,RHT,Red Hat Inc.,Information Technology,124.65,79.9,0.0,1.68,22799923883,541809000.0,8.202077000000001,15.69
391,REG,Regency Centers Corporation,Real Estate,55.58,15.27,3.6850338,1.43,9858367494,487636000.0,13.762162,1.51
392,REGN,Regeneron,Health Care,322.62,27.93,0.0,7.74,35950369241,2043160000.0,8.48541,5.89
393,RF,Regions Financial Corp.,Financials,17.9,17.9,1.8987342,1.0,21500640000,0.0,3.474771,1.32
394,RSG,Republic Services Inc,Industrials,62.72,26.13,2.1362228,1.77,21590903863,2734000000.0,2.8841186000000003,2.83
395,RMD,ResMed,Health Care,89.26,31.54,1.5120423,2.41,13233622689,636942000.0,6.1640687000000005,6.61
396,RHI,Robert Half International,Industrials,52.26,20.18,1.7075773,2.32,7047165475,565196000.0,1.3330402,5.98
397,ROK,Rockwell Automation Inc.,Industrials,178.73,26.48,1.7692552,6.35,24123216432,1323200000.0,3.760594,10.94
398,COL,Rockwell Collins,Industrials,133.31,22.29,0.9748892,4.8,22197870556,1696000000.0,3.781273,3.46
399,ROP,Roper Technologies,Industrials,259.4,27.57,0.61985797,9.38,27247789759,1555209000.0,5.9715905,4.23
400,ROST,Ross Stores,Consumer Discretionary,75.06,26.52,0.82061803,2.83,29803566306,2247009000.0,2.9734495,10.28
401,RCL,Royal Caribbean Cruises Ltd,Consumer Discretionary,122.45,16.26,1.8674136000000001,7.53,27418147452,2876309000.0,3.1026611,2.56
402,SPGI,"S&P Global, Inc.",Financials,173.31,27.38,1.0947506,7.95,46585950000,3021000000.0,10.254703999999998,50.56
403,CRM,Salesforce.com,Information Technology,104.03,520.15,0.0,0.27,79489115000,925804000.0,10.3738785,8.81
404,SBAC,SBA Communications,Real Estate,159.85,199.81,0.0,0.62,19572031314,1074240000.0,15.189207000000001,91.04
405,SCG,SCANA Corp,Utilities,35.6,8.75,6.6830335000000005,4.16,5229448882,1459000000.0,1.651705,0.92
406,SLB,Schlumberger Ltd.,Energy,67.4,44.93,2.8673835,-1.08,96529311126,3222000000.0,3.2297827999999997,2.64
407,SNI,Scripps Networks Interactive Inc.,Consumer Discretionary,86.46,16.04,1.3761468000000001,5.18,11328642413,1351059000.0,4.374079,4.22
408,STX,Seagate Technology,Information Technology,47.44,11.51,5.085772,2.58,14113197720,1811000000.0,1.3048558000000001,13.33
409,SEE,Sealed Air,Materials,42.62,21.31,1.4427412,2.46,8001938397,969700000.0,2.4700067000000003,10.55
410,SRE,Sempra Energy,Utilities,103.36,19.14,3.1607263,5.45,26163862235,3763000000.0,3.1530299999999998,1.98
411,SHW,Sherwin-Williams,Materials,387.65,26.75,0.8426688,18.61,37730994828,2160668000.0,2.5276077,13.42
412,SIG,Signet Jewelers,Consumer Discretionary,49.38,6.65,2.4730754,7.03,3034275549,852700000.0,0.7564699,1.38
413,SPG,Simon Property Group Inc,Real Estate,152.18,13.56,5.0368075,6.25,48139839531,4411515000.0,8.754495,13.24
414,SWKS,Skyworks Solutions,Information Technology,99.04,16.45,1.2629502000000001,5.41,18493080922,1122900000.0,6.970443700000001,4.25
415,SLG,SL Green Realty,Real Estate,90.61,14.07,3.4998921999999997,0.88,8617714345,795889000.0,6.5820084,1.32
416,SNA,Snap-On Inc.,Consumer Discretionary,156.72,15.81,1.968433,9.2,9499107736,982200000.0,3.5114812999999994,3.21
417,SO,Southern Co.,Utilities,43.4,15.78,5.353022599999999,2.53,43497224128,6012000000.0,2.5080602,1.82
418,LUV,Southwest Airlines,Industrials,55.63,15.89,0.863707,5.82,34351211637,4533000000.0,1.6294897,3.84
419,SWK,Stanley Black & Decker,Consumer Discretionary,152.86,20.57,1.5775635000000001,8.05,24496399600,2264600000.0,1.944325,3.34
420,SBUX,Starbucks Corp.,Consumer Discretionary,53.77,25.98,2.203452,1.97,76548976000,7361500000.0,3.4392443,13.36
421,STT,State Street Corp.,Financials,98.54,15.35,1.6228749,5.23,38059113300,0.0,3.263072,1.95
422,SRCL,Stericycle Inc,Industrials,70.55,16.26,0.0,2.08,6218560288,305085000.0,2.2607324,2.15
423,SYK,Stryker Corp.,Health Care,148.01,23.46,1.2234008,2.68,57509096756,2863000000.0,4.635566000000001,5.54
424,STI,SunTrust Banks,Financials,65.8,16.25,2.3185046000000002,4.48,32498948310,0.0,3.3089445,1.38
425,SYMC,Symantec Corp.,Information Technology,25.59,39.37,1.1286682,-0.17,16520497264,1227000000.0,3.5516492999999993,3.36
426,SYF,Synchrony Financial,Financials,34.98,13.35,1.6,2.41,28893750000,0.0,2.1096623,1.97
427,SNPS,Synopsys Inc.,Information Technology,82.62,67.72,0.0,0.87,12767067883,579844000.0,6.276264,3.98
428,SYY,Sysco Corp.,Consumer Staples,57.0,22.98,2.4644873,2.08,30445320778,2988725000.0,0.7295535,13.4
429,TROW,T. Rowe Price Group,Financials,101.99,19.92,2.140443,4.75,25810865035,2281400000.0,7.3911157,4.61
430,TPR,"Tapestry, Inc.",Consumer Discretionary,48.85,,0.0,2.09,14247199374,0.0,4.0785494,4.35
431,TGT,Target Corp.,Consumer Discretionary,71.11,14.19,3.3856654,4.71,39816696539,7105000000.0,0.8047394,3.45
432,TEL,TE Connectivity Ltd.,Information Technology,95.27,19.72,1.6062645,4.71,34983666316,2797000000.0,2.5734365,3.6
433,FTI,TechnipFMC,Energy,29.1,18.77,1.7060366999999999,0.0,14163064455,540167833.423084,1.561575,1.06
434,TXN,Texas Instruments,Information Technology,97.66,24.05,2.4318494999999998,3.6,100262526470,7013000000.0,6.957223399999999,9.32
435,TXT,Textron Inc.,Industrials,55.54,22.13,0.1381454,1.14,15254672353,1454000000.0,1.0645695,2.57
436,BK,The Bank of New York Mellon Corp.,Financials,53.29,14.76,1.7347307,3.73,56083904906,0.0,3.3834257000000005,1.49
437,CLX,The Clorox Company,Consumer Staples,127.76,23.44,2.6286967,5.33,16540418002,1295000000.0,2.798683,21.62
438,COO,The Cooper Companies,Health Care,223.17,22.96,0.026033757,7.52,11297958140,615700000.0,6.8538464999999995,3.57
439,HSY,The Hershey Company,Consumer Staples,97.65,20.51,2.6494346,3.66,20867272020,1404123000.0,2.8396711,25.64
440,MOS,The Mosaic Company,Materials,24.13,23.66,0.3960396,0.85,9726962131,1165100000.0,1.8161957999999998,0.94
441,TRV,The Travelers Companies Inc.,Financials,135.01,16.48,2.0261714,7.31,38903131815,0.0,1.33382,1.63
442,DIS,The Walt Disney Company,Consumer Discretionary,101.35,17.78,1.6036655,5.7,157817273295,12544000000.0,3.9635562999999996,3.82
443,TMO,Thermo Fisher Scientific,Health Care,198.73,21.84,0.32763190000000003,5.6,83226586345,4751300000.0,4.015666,3.38
444,TIF,Tiffany & Co.,Consumer Discretionary,99.62,27.0,1.9402406000000003,3.55,12810515320,949500000.0,4.516748000000001,3.97
445,TWX,Time Warner Inc.,Consumer Discretionary,93.02,15.35,1.6927768,6.62,74185800000,7671000000.0,2.3735986000000002,2.73
446,TJX,TJX Companies Inc.,Consumer Discretionary,74.36,21.01,1.64042,3.46,48181450881,4600216000.0,1.9293598,10.35
447,TMK,Torchmark Corp.,Financials,80.52,17.02,0.7204611,4.5,9614412169,0.0,3.1079664,1.88
448,TSS,Total System Services,Information Technology,81.17,25.85,0.6091133000000001,3.16,15694951118,1097534000.0,3.175548,6.57
449,TSCO,Tractor Supply Company,Consumer Discretionary,65.94,19.57,1.6030874,3.3,8459271203,859519000.0,1.1642125,6.01
450,TDG,TransDigm Group,Industrials,283.0,23.76,0.0,7.92,15241203731,1635916000.0,4.268832,
451,TRIP,TripAdvisor,Consumer Discretionary,40.05,58.04,0.0,0.81,5700998508,234000000.0,4.5925775,3.49
452,FOXA,Twenty-First Century Fox Class A,Consumer Discretionary,34.56,17.81,0.9983361,1.59,44027094922,5280000000.0,2.1080317,4.11
453,FOX,Twenty-First Century Fox Class B,Consumer Discretionary,34.09,17.57,1.0084034,1.59,66135313503,5280000000.0,3.1654842,4.04
454,TSN,Tyson Foods,Consumer Staples,73.92,13.92,1.6353229,4.79,26957526800,2521000000.0,0.93730986,2.55
455,USB,U.S. Bancorp,Financials,52.65,15.35,2.189781,3.52,90940115897,0.0,3.7773547,2.09
456,UDR,UDR Inc,Real Estate,32.92,17.79,3.6686389999999998,1.08,9050154422,665141000.0,12.365829,3.27
457,ULTA,Ulta Salon Cosmetics & Fragrance Inc,Consumer Discretionary,209.09,32.07,0.0,6.52,13300000127,1002093000.0,3.3779112999999996,8.04
458,UAA,Under Armour Class A,Consumer Discretionary,13.14,32.05,0.0,0.45,5856913571,399277000.0,1.602308,2.72
459,UA,Under Armour Class C,Consumer Discretionary,11.95,29.15,0.0,0.45,5366628950,399277000.0,1.4738787,2.5
460,UNP,Union Pacific,Industrials,124.86,22.06,2.062655,13.52,101513290382,10169000000.0,4.8605075,
461,UAL,United Continental Holdings,Industrials,63.37,8.85,0.0,7.05,19363059152,5929000000.0,0.5020496,2.09
462,UNH,United Health Group Inc.,Health Care,216.46,21.47,1.3284917,10.71,218834811333,17454000000.0,1.0903316,4.71
463,UPS,United Parcel Service,Industrials,109.28,18.27,2.9666696,5.62,96436356833,7919000000.0,1.4744618,64.7
464,URI,"United Rentals, Inc.",Industrials,161.99,16.33,0.0,15.72,14654954091,2760000000.0,2.1782618,4.53
465,UTX,United Technologies,Industrials,127.48,19.26,2.1216943,5.7,105387272474,10584000000.0,1.7324123,3.4
466,UHS,"Universal Health Services, Inc.",Health Care,114.87,15.36,0.34153005,7.14,11116075286,1676204000.0,1.3158662,2.21
467,UNM,Unum Group,Financials,47.87,11.51,1.8189006999999997,4.38,11256432318,0.0,0.9984924000000001,1.19
468,VFC,V.F. Corp.,Consumer Discretionary,78.75,25.9,2.2865665,2.55,31797645904,1624441000.0,3.7110943999999995,7.89
469,VLO,Valero Energy,Energy,86.77,18.74,3.5618877,9.24,39312309113,5401000000.0,0.42119179999999995,1.93
470,VAR,Varian Medical Systems,Health Care,112.82,29.93,0.0,2.69,10692681720,500600000.0,3.9652252,7.32
471,VTR,Ventas Inc,Real Estate,50.92,12.21,5.965641000000001,1.86,18865999082,1935931000.0,7.074049499999999,1.76
472,VRSN,Verisign Inc.,Information Technology,105.62,29.5,0.0,3.43,10754983829,767864000.0,12.401829,10.82
473,VRSK,Verisk Analytics,Industrials,92.28,28.84,0.0,3.45,15594677147,1011200000.0,9.935474000000001,9.34
474,VZ,Verizon Communications,Telecommunication Services,49.04,13.08,4.626544,7.36,208092277044,45745000000.0,1.6452543999999998,7.96
475,VRTX,Vertex Pharmaceuticals Inc,Health Care,151.6,252.67,0.0,1.04,39369386348,97562000.0,16.185404000000002,21.91
476,VIAB,Viacom Inc.,Consumer Discretionary,32.71,8.68,2.622091,4.68,10601008017,5600000000.0,1.0924768,2.08
477,V,Visa Inc.,Information Technology,113.86,32.72,0.70204765,2.8,270038723213,13086000000.0,14.433654,9.4
478,VNO,Vornado Realty Trust,Real Estate,66.18,16.22,3.744428,4.33,12778779911,0.0,7.1491003,3.63
479,VMC,Vulcan Materials,Materials,121.47,40.9,0.7797879,3.1,16964162228,970976000.0,5.7576876,3.54
480,WMT,Wal-Mart Stores,Consumer Staples,100.02,23.1,1.983471,4.39,304680931618,30721000000.0,0.82099426,3.89
481,WBA,Walgreens Boots Alliance,Consumer Staples,68.22,13.38,2.2368238,3.78,70862541911,7083000000.0,0.5904388,3.06
482,WM,Waste Management Inc.,Industrials,79.12,25.36,2.0800195,2.66,35488486675,3896000000.0,3.2787669000000004,6.73
483,WAT,Waters Corporation,Health Care,191.79,26.64,0.0,0.19,16064078572,773932000.0,6.9824114,6.15
484,WEC,Wec Energy Group Inc,Utilities,59.5,19.57,3.6919480000000005,3.79,18890296993,2736500000.0,2.4834197000000002,2.1
485,WFC,Wells Fargo,Financials,55.4,13.58,2.7111576,4.07,281463620775,0.0,2.8728192000000004,1.58
486,HCN,Welltower Inc.,Real Estate,54.67,12.74,6.1538463,2.81,20943679019,1908253000.0,6.725217999999999,1.49
487,WDC,Western Digital,Information Technology,80.09,10.19,2.389201,1.29,24760297793,5169000000.0,1.245503,2.0
488,WU,Western Union Co,Information Technology,18.81,10.17,3.5915854,0.51,8951609207,694600000.0,2.22677,12.65
489,WRK,WestRock Company,Materials,60.93,23.26,2.6699783999999998,2.77,16433340688,2262300000.0,1.075785,1.58
490,WY,Weyerhaeuser Corp.,Real Estate,33.6,34.29,3.7079953999999997,0.77,26070297960,1365000000.0,3.6396794000000003,2.9
491,WHR,Whirlpool Corp.,Consumer Discretionary,164.95,11.77,2.5652986,4.51,12177920000,1842000000.0,0.58064795,2.57
492,WMB,Williams Cos.,Energy,28.56,48.41,4.0,-0.57,24802396470,3955000000.0,4.2982845,3.01
493,WLTW,Willis Towers Watson,Financials,152.36,18.67,1.347058,3.07,20780269334,1440000000.0,3.4484663,2.1
494,WYN,Wyndham Worldwide,Consumer Discretionary,113.56,18.77,1.9541779,5.53,11993835688,1232000000.0,2.7332082000000004,18.91
495,WYNN,Wynn Resorts Ltd,Consumer Discretionary,169.28,31.7,1.1279043,7.27,18225400525,1501301000.0,2.4786580000000002,51.69
496,XEL,Xcel Energy Inc,Utilities,42.44,18.14,3.3914273,2.21,21559611927,3885828000.0,2.5204560000000003,1.94
497,XRX,Xerox Corp.,Information Technology,29.8,8.87,3.207184,0.59,7938833340,1191000000.0,0.7877656,1.49
498,XLNX,Xilinx Inc,Information Technology,62.82,27.19,2.0904882,2.32,17064975551,845468000.0,7.1012059999999995,7.22
499,XL,XL Capital,Financials,41.26,-19.93,2.0952382,-2.24,10753423590,0.0,0.84394187,0.97
500,XYL,Xylem Inc.,Industrials,70.24,30.94,1.1700793999999999,1.83,12915021000,722000000.0,2.7262093999999997,5.31
501,YUM,Yum! Brands Inc,Consumer Discretionary,76.3,27.25,1.7970798,4.07,27003303098,2289000000.0,6.3136363,212.08
502,ZBH,Zimmer Biomet Holdings,Health Care,115.53,14.32,0.7948335999999999,9.01,24454698119,2007400000.0,3.1648953,2.39
503,ZION,Zions Bancorp,Financials,50.71,17.73,1.480933,2.6,10670678640,0.0,3.7945792999999997,1.42
504,ZTS,Zoetis,Health Care,71.51,32.8,0.68237203,1.65,35991109776,1734000000.0,9.280896,18.09
